deployment_id,project_id,sprint_id,environment,deployment_timestamp,status,rollback,duration_minutes,is_failure
DEP000001,P001,S0001,production,2023-12-18 16:09:33.635094,Success,0,5.0,0
DEP000002,P001,S0001,production,2023-12-22 05:41:15.451764,Success,0,25.1,0
DEP000003,P001,S0001,production,2023-12-28 17:07:52.850217,Success,0,3.6,0
DEP000004,P001,S0001,staging,2023-12-25 12:04:10.100705,Success,0,19.6,0
DEP000005,P001,S0001,staging,2023-12-17 01:28:35.750842,Success,0,7.8,0
DEP000006,P001,S0001,staging,2023-12-19 09:56:47.411151,Success,0,1.2,0
DEP000007,P001,S0001,staging,2023-12-18 21:52:43.979293,Success,0,21.8,0
DEP000008,P001,S0001,staging,2023-12-28 12:12:01.666648,Success,0,25.4,0
DEP000009,P001,S0001,staging,2023-12-24 21:56:37.748910,Success,0,35.0,0
DEP000010,P001,S0001,staging,2023-12-17 10:56:19.459764,Success,0,5.2,0
DEP000011,P001,S0001,production,2023-12-20 02:41:13.205706,Success,0,25.1,0
DEP000012,P001,S0001,production,2023-12-20 02:50:20.851651,Success,0,14.8,0
DEP000013,P001,S0002,staging,2024-01-09 02:26:37.228023,Success,0,17.5,0
DEP000014,P001,S0002,staging,2023-12-31 22:50:42.536858,Success,0,11.1,0
DEP000015,P001,S0002,production,2024-01-01 00:55:39.261012,Success,0,2.4,0
DEP000016,P001,S0002,production,2024-01-05 08:00:48.687727,Success,0,7.0,0
DEP000017,P001,S0002,production,2023-12-31 00:13:50.124967,Success,0,35.3,0
DEP000018,P001,S0003,staging,2024-01-21 22:50:51.602820,Success,0,6.7,0
DEP000019,P001,S0003,staging,2024-01-26 21:25:20.389739,Success,0,15.0,0
DEP000020,P001,S0003,production,2024-01-21 04:12:15.850274,Success,0,22.1,0
DEP000021,P001,S0003,production,2024-01-17 21:45:54.422551,Success,0,15.0,0
DEP000022,P001,S0003,production,2024-01-25 04:39:24.726090,Success,0,2.8,0
DEP000023,P001,S0003,staging,2024-01-26 08:05:07.661404,Success,0,11.6,0
DEP000024,P001,S0003,staging,2024-01-17 15:14:42.697228,Success,0,6.0,0
DEP000025,P001,S0003,staging,2024-01-26 03:52:00.255672,Success,0,26.6,0
DEP000026,P001,S0003,production,2024-01-22 07:56:03.000709,Success,0,11.7,0
DEP000027,P001,S0003,production,2024-01-20 02:43:46.884649,Success,0,13.0,0
DEP000028,P001,S0003,staging,2024-01-24 01:50:39.102790,Success,0,2.4,0
DEP000029,P001,S0003,staging,2024-01-18 09:37:25.688692,Success,0,11.2,0
DEP000030,P001,S0003,staging,2024-01-25 20:18:53.741822,Success,0,11.1,0
DEP000031,P001,S0004,production,2024-02-05 11:32:58.085102,Success,0,1.5,0
DEP000032,P001,S0004,production,2024-02-04 12:50:38.283727,Success,0,12.3,0
DEP000033,P001,S0005,staging,2024-02-23 20:34:53.639047,Success,0,17.9,0
DEP000034,P001,S0005,staging,2024-02-18 14:43:29.628972,Success,0,9.5,0
DEP000035,P001,S0005,production,2024-02-21 08:36:44.182081,Success,0,11.4,0
DEP000036,P001,S0006,staging,2024-03-05 00:29:53.117559,Success,0,2.1,0
DEP000037,P001,S0006,staging,2024-02-28 10:21:53.035039,Success,0,20.6,0
DEP000038,P001,S0006,staging,2024-03-01 12:35:57.994765,Success,0,21.5,0
DEP000039,P001,S0006,staging,2024-03-01 14:40:02.627679,Success,0,19.6,0
DEP000040,P001,S0006,staging,2024-03-06 21:52:35.808006,Success,0,9.2,0
DEP000041,P001,S0006,production,2024-03-08 04:38:20.023288,Success,0,14.9,0
DEP000042,P001,S0006,production,2024-03-06 21:29:39.234136,Success,0,16.8,0
DEP000043,P001,S0007,staging,2024-03-12 22:08:01.828487,Success,0,10.6,0
DEP000044,P001,S0007,production,2024-03-19 07:29:19.147001,Success,0,5.9,0
DEP000045,P001,S0007,staging,2024-03-22 03:55:44.642896,Success,0,22.4,0
DEP000046,P001,S0007,production,2024-03-10 14:15:55.108609,Success,0,2.9,0
DEP000047,P001,S0007,production,2024-03-10 04:20:00.941927,Success,0,11.8,0
DEP000048,P001,S0008,staging,2024-03-27 19:47:43.766311,Success,0,17.2,0
DEP000049,P001,S0008,staging,2024-04-01 22:07:19.563716,Success,0,9.5,0
DEP000050,P001,S0008,staging,2024-03-24 11:51:17.508214,Success,0,11.1,0
DEP000051,P001,S0009,production,2024-04-14 20:30:19.233313,Success,0,22.5,0
DEP000052,P001,S0009,staging,2024-04-15 18:17:44.645210,Failed,0,18.5,1
DEP000053,P001,S0009,production,2024-04-16 05:32:17.964321,Success,0,15.7,0
DEP000054,P001,S0009,production,2024-04-15 05:47:34.737026,Failed,0,12.6,1
DEP000055,P001,S0009,production,2024-04-15 22:16:27.633772,Success,0,9.3,0
DEP000056,P001,S0009,staging,2024-04-12 15:58:06.240804,Success,0,12.8,0
DEP000057,P001,S0009,staging,2024-04-15 08:21:54.092802,Success,0,8.6,0
DEP000058,P001,S0009,staging,2024-04-10 22:24:39.849983,Success,0,27.1,0
DEP000059,P001,S0009,staging,2024-04-12 02:47:03.221711,Success,0,26.5,0
DEP000060,P001,S0009,staging,2024-04-07 17:22:27.288065,Success,0,33.2,0
DEP000061,P001,S0009,staging,2024-04-15 19:36:13.041358,Success,0,1.2,0
DEP000062,P001,S0009,staging,2024-04-16 06:56:28.406038,Success,0,70.1,0
DEP000063,P001,S0009,staging,2024-04-19 23:59:42.246083,Success,0,23.4,0
DEP000064,P001,S0010,production,2024-04-27 14:50:03.025634,Success,0,24.5,0
DEP000065,P001,S0010,production,2024-04-22 04:38:21.672835,Success,0,12.1,0
DEP000066,P001,S0010,staging,2024-05-03 21:49:42.758929,Success,0,11.2,0
DEP000067,P001,S0010,staging,2024-04-26 05:35:43.456789,Success,0,29.5,0
DEP000068,P001,S0010,production,2024-04-24 23:33:58.041824,Success,0,9.9,0
DEP000069,P001,S0010,production,2024-04-25 05:58:37.737636,Failed,0,23.4,1
DEP000070,P001,S0010,staging,2024-04-25 14:39:40.399988,Success,0,20.1,0
DEP000071,P001,S0010,staging,2024-04-22 01:10:19.005355,Success,0,29.0,0
DEP000072,P001,S0010,production,2024-05-03 12:21:10.338070,Success,0,19.2,0
DEP000073,P001,S0010,staging,2024-04-29 15:50:38.765668,Success,0,12.4,0
DEP000074,P001,S0010,staging,2024-04-25 21:17:50.253153,Success,0,32.1,0
DEP000075,P001,S0010,staging,2024-04-27 19:18:49.326223,Success,0,15.5,0
DEP000076,P002,S0011,production,2024-01-01 20:06:15.563010,Success,0,4.0,0
DEP000077,P002,S0011,staging,2023-12-28 12:07:46.956300,Success,0,25.7,0
DEP000078,P002,S0011,production,2023-12-29 23:32:41.153836,Success,0,25.8,0
DEP000079,P002,S0011,production,2024-01-03 00:17:11.287000,Success,0,44.5,0
DEP000080,P002,S0012,staging,2024-01-19 08:00:26.085468,Success,0,22.6,0
DEP000081,P002,S0012,staging,2024-01-09 04:24:49.527845,Success,0,7.3,0
DEP000082,P002,S0012,staging,2024-01-15 15:13:52.689187,Success,0,48.3,0
DEP000083,P002,S0012,staging,2024-01-10 13:39:37.498499,Success,0,19.7,0
DEP000084,P002,S0012,staging,2024-01-11 12:06:03.917021,Success,0,7.3,0
DEP000085,P002,S0012,production,2024-01-09 16:54:20.200933,Success,0,16.5,0
DEP000086,P002,S0012,staging,2024-01-17 23:02:01.645099,Success,0,19.2,0
DEP000087,P002,S0012,staging,2024-01-09 18:11:37.978756,Success,0,3.3,0
DEP000088,P002,S0013,staging,2024-01-23 07:06:13.865090,Success,0,10.4,0
DEP000089,P002,S0013,staging,2024-02-02 01:44:00.702485,Success,0,15.4,0
DEP000090,P002,S0013,production,2024-02-03 16:20:26.491755,Success,0,10.6,0
DEP000091,P002,S0013,staging,2024-01-27 13:44:05.520019,Failed,1,10.8,1
DEP000092,P002,S0014,staging,2024-02-11 09:27:32.132281,Success,0,24.7,0
DEP000093,P002,S0014,staging,2024-02-07 18:38:21.775859,Success,0,36.2,0
DEP000094,P002,S0014,production,2024-02-11 10:42:52.370841,Success,0,15.6,0
DEP000095,P002,S0014,staging,2024-02-16 11:45:58.426612,Success,0,30.9,0
DEP000096,P002,S0015,staging,2024-02-27 15:11:30.335733,Success,0,16.3,0
DEP000097,P002,S0015,production,2024-02-22 10:31:50.803422,Success,0,32.3,0
DEP000098,P002,S0015,production,2024-03-01 22:20:36.604734,Success,0,8.6,0
DEP000099,P002,S0015,production,2024-02-26 19:38:39.874952,Success,0,8.5,0
DEP000100,P002,S0015,production,2024-02-20 17:39:49.168824,Success,0,9.9,0
DEP000101,P002,S0015,staging,2024-03-01 15:03:59.950751,Success,0,17.3,0
DEP000102,P002,S0015,staging,2024-03-02 13:06:24.439942,Success,0,14.2,0
DEP000103,P002,S0015,staging,2024-02-25 07:08:09.141388,Success,0,2.5,0
DEP000104,P002,S0016,production,2024-03-14 04:12:30.990545,Success,0,6.2,0
DEP000105,P002,S0016,production,2024-03-04 02:13:45.258126,Failed,0,34.2,1
DEP000106,P002,S0016,production,2024-03-15 10:17:06.972837,Success,0,9.0,0
DEP000107,P002,S0016,staging,2024-03-07 02:16:03.978154,Success,0,17.0,0
DEP000108,P002,S0016,production,2024-03-10 01:06:05.557110,Success,0,21.4,0
DEP000109,P002,S0016,staging,2024-03-05 13:59:54.607779,Success,0,32.3,0
DEP000110,P002,S0016,staging,2024-03-11 12:41:57.801712,Success,0,22.0,0
DEP000111,P002,S0017,production,2024-03-23 01:10:51.707155,Success,0,4.2,0
DEP000112,P002,S0017,production,2024-03-18 19:46:56.150097,Success,0,12.7,0
DEP000113,P002,S0017,staging,2024-03-21 13:32:44.886431,Success,0,8.4,0
DEP000114,P002,S0017,staging,2024-03-27 05:23:58.405455,Success,0,7.1,0
DEP000115,P002,S0017,staging,2024-03-28 22:58:40.103561,Success,0,9.6,0
DEP000116,P002,S0017,staging,2024-03-18 21:14:27.593832,Success,0,3.2,0
DEP000117,P002,S0017,staging,2024-03-25 00:43:37.461447,Success,0,17.9,0
DEP000118,P002,S0017,production,2024-03-24 06:26:06.233557,Success,0,7.8,0
DEP000119,P002,S0017,production,2024-03-29 01:00:51.887412,Success,0,12.3,0
DEP000120,P002,S0017,staging,2024-03-29 03:55:12.140739,Success,0,15.2,0
DEP000121,P002,S0018,staging,2024-04-03 20:31:18.170943,Success,0,8.1,0
DEP000122,P002,S0018,production,2024-04-07 11:50:07.040388,Success,0,8.1,0
DEP000123,P002,S0018,production,2024-04-06 22:05:20.298693,Success,0,20.8,0
DEP000124,P002,S0018,production,2024-04-08 07:31:35.073362,Failed,0,21.1,1
DEP000125,P002,S0018,production,2024-04-02 01:57:45.299441,Success,0,13.6,0
DEP000126,P002,S0018,staging,2024-04-03 14:52:20.409523,Success,0,21.6,0
DEP000127,P002,S0018,staging,2024-04-01 07:55:43.429208,Success,0,16.5,0
DEP000128,P002,S0018,staging,2024-04-10 10:40:55.871443,Success,0,10.6,0
DEP000129,P002,S0018,staging,2024-04-05 16:48:00.938211,Success,0,3.9,0
DEP000130,P002,S0018,production,2024-04-10 02:50:13.962277,Success,0,33.3,0
DEP000131,P002,S0019,production,2024-04-20 02:51:35.768669,Success,0,32.3,0
DEP000132,P002,S0019,staging,2024-04-22 21:35:26.948492,Success,0,5.1,0
DEP000133,P002,S0019,staging,2024-04-15 07:01:50.104798,Success,0,37.1,0
DEP000134,P002,S0020,staging,2024-04-29 13:29:44.114915,Success,0,24.8,0
DEP000135,P002,S0020,staging,2024-05-01 01:35:25.632596,Success,0,6.8,0
DEP000136,P002,S0020,production,2024-05-10 01:53:38.661519,Success,0,7.6,0
DEP000137,P002,S0020,production,2024-05-06 17:33:27.710264,Success,0,27.7,0
DEP000138,P002,S0020,production,2024-05-07 06:15:26.113169,Success,0,11.2,0
DEP000139,P002,S0020,staging,2024-05-03 23:05:44.725941,Success,0,18.1,0
DEP000140,P002,S0020,production,2024-05-06 21:37:21.963085,Success,0,17.2,0
DEP000141,P002,S0020,staging,2024-05-08 18:29:57.796988,Success,0,29.1,0
DEP000142,P003,S0021,staging,2023-12-26 10:08:20.355712,Success,0,7.6,0
DEP000143,P003,S0021,staging,2023-12-31 18:34:57.770552,Success,0,7.9,0
DEP000144,P003,S0021,production,2023-12-24 15:34:39.687279,Success,0,26.3,0
DEP000145,P003,S0021,staging,2024-01-01 08:27:33.400531,Success,0,10.6,0
DEP000146,P003,S0021,production,2023-12-30 19:43:32.494089,Success,0,34.6,0
DEP000147,P003,S0021,staging,2023-12-28 14:17:44.409081,Success,0,1.8,0
DEP000148,P003,S0021,staging,2023-12-20 13:55:39.759701,Success,0,7.9,0
DEP000149,P003,S0021,staging,2023-12-24 13:23:25.505114,Success,0,16.2,0
DEP000150,P003,S0021,staging,2023-12-30 14:54:50.266221,Success,0,22.5,0
DEP000151,P003,S0021,production,2023-12-28 23:54:12.182674,Failed,1,7.7,1
DEP000152,P003,S0021,staging,2024-01-01 00:51:40.237954,Failed,1,14.6,1
DEP000153,P003,S0022,staging,2024-01-08 23:27:53.916334,Success,0,28.0,0
DEP000154,P003,S0022,staging,2024-01-14 19:29:35.957928,Success,0,9.1,0
DEP000155,P003,S0022,staging,2024-01-13 15:02:14.395204,Success,0,3.0,0
DEP000156,P003,S0022,production,2024-01-13 06:28:15.747869,Success,0,11.9,0
DEP000157,P003,S0022,production,2024-01-15 19:44:30.482849,Success,0,31.4,0
DEP000158,P003,S0022,production,2024-01-10 12:24:47.035765,Success,0,12.3,0
DEP000159,P003,S0022,staging,2024-01-13 21:02:43.019943,Success,0,18.1,0
DEP000160,P003,S0022,staging,2024-01-09 13:34:00.610708,Success,0,8.9,0
DEP000161,P003,S0022,staging,2024-01-03 04:50:14.006171,Failed,0,18.6,1
DEP000162,P003,S0023,production,2024-01-29 14:49:47.094052,Success,0,10.3,0
DEP000163,P003,S0023,production,2024-01-20 14:41:55.942204,Success,0,17.5,0
DEP000164,P003,S0023,staging,2024-01-19 04:46:30.288814,Success,0,7.9,0
DEP000165,P003,S0023,production,2024-01-17 11:56:40.417569,Success,0,5.3,0
DEP000166,P003,S0024,staging,2024-02-10 21:30:42.691543,Success,0,6.9,0
DEP000167,P003,S0024,staging,2024-02-09 10:25:10.135500,Success,0,5.8,0
DEP000168,P003,S0024,staging,2024-02-02 05:01:06.467190,Success,0,10.9,0
DEP000169,P003,S0024,staging,2024-02-04 16:27:25.318510,Success,0,14.6,0
DEP000170,P003,S0024,staging,2024-02-03 01:52:04.443120,Success,0,1.0,0
DEP000171,P003,S0024,production,2024-02-07 06:23:20.252151,Success,0,10.1,0
DEP000172,P003,S0024,production,2024-02-07 21:01:13.498610,Success,0,12.3,0
DEP000173,P003,S0024,production,2024-02-06 02:37:32.197080,Success,0,13.4,0
DEP000174,P003,S0024,production,2024-02-03 02:21:37.514232,Success,0,12.7,0
DEP000175,P003,S0024,production,2024-02-04 18:30:26.840253,Success,0,4.8,0
DEP000176,P003,S0024,staging,2024-02-02 21:48:54.707419,Success,0,7.6,0
DEP000177,P003,S0025,staging,2024-02-16 14:35:24.709202,Success,0,21.5,0
DEP000178,P003,S0025,production,2024-02-23 14:01:37.161234,Success,0,15.7,0
DEP000179,P003,S0025,staging,2024-02-22 19:25:43.936159,Failed,0,12.9,1
DEP000180,P003,S0025,production,2024-02-25 19:12:51.140739,Success,0,9.7,0
DEP000181,P003,S0025,staging,2024-02-25 18:25:12.041783,Failed,0,24.9,1
DEP000182,P003,S0025,staging,2024-02-22 08:49:24.803683,Success,0,31.0,0
DEP000183,P003,S0025,production,2024-02-26 21:50:23.669619,Success,0,9.9,0
DEP000184,P003,S0025,staging,2024-02-23 21:38:07.585868,Success,0,7.2,0
DEP000185,P003,S0025,staging,2024-02-22 01:25:35.358471,Success,0,11.3,0
DEP000186,P003,S0026,production,2024-03-08 12:02:39.973750,Success,0,17.7,0
DEP000187,P003,S0026,staging,2024-03-07 22:51:46.951459,Success,0,5.5,0
DEP000188,P003,S0026,staging,2024-03-09 21:43:41.144365,Success,0,28.9,0
DEP000189,P003,S0026,staging,2024-03-07 09:41:34.155393,Success,0,3.3,0
DEP000190,P003,S0026,staging,2024-03-03 01:45:38.363557,Success,0,10.5,0
DEP000191,P003,S0026,staging,2024-02-28 23:36:18.939092,Success,0,17.1,0
DEP000192,P003,S0026,production,2024-02-28 20:30:45.686137,Success,0,21.7,0
DEP000193,P003,S0026,production,2024-03-11 04:24:25.371564,Success,0,27.3,0
DEP000194,P003,S0026,staging,2024-03-07 19:59:08.676240,Success,0,5.4,0
DEP000195,P003,S0027,production,2024-03-22 18:10:36.032297,Success,0,7.6,0
DEP000196,P003,S0027,staging,2024-03-14 07:55:23.405621,Success,0,2.5,0
DEP000197,P003,S0027,production,2024-03-13 14:33:15.557894,Success,0,13.9,0
DEP000198,P003,S0027,production,2024-03-25 23:04:31.370173,Success,0,26.1,0
DEP000199,P003,S0027,production,2024-03-22 03:24:31.691644,Success,0,25.2,0
DEP000200,P003,S0027,staging,2024-03-16 05:05:12.655571,Success,0,11.9,0
DEP000201,P003,S0027,production,2024-03-16 22:10:24.282598,Success,0,10.7,0
DEP000202,P003,S0028,production,2024-04-06 03:44:00.300196,Success,0,7.1,0
DEP000203,P003,S0028,staging,2024-04-03 20:40:02.281986,Success,0,10.5,0
DEP000204,P003,S0028,staging,2024-03-31 21:32:33.847931,Success,0,17.7,0
DEP000205,P003,S0028,production,2024-04-05 01:20:38.649149,Success,0,24.6,0
DEP000206,P003,S0028,staging,2024-04-06 06:53:40.105772,Success,0,22.1,0
DEP000207,P003,S0028,production,2024-03-31 05:02:41.423599,Success,0,11.4,0
DEP000208,P003,S0028,staging,2024-04-02 20:24:25.551830,Success,0,16.9,0
DEP000209,P003,S0028,production,2024-04-07 02:36:50.216830,Success,0,9.5,0
DEP000210,P003,S0029,staging,2024-04-11 03:43:38.239885,Success,0,29.2,0
DEP000211,P003,S0029,staging,2024-04-21 04:29:16.844703,Success,0,7.1,0
DEP000212,P003,S0029,staging,2024-04-14 06:00:51.330064,Success,0,8.2,0
DEP000213,P003,S0029,production,2024-04-18 23:37:47.289423,Success,0,8.4,0
DEP000214,P003,S0029,staging,2024-04-20 14:17:01.539415,Success,0,6.7,0
DEP000215,P003,S0029,staging,2024-04-13 11:52:47.716846,Success,0,19.4,0
DEP000216,P003,S0029,staging,2024-04-10 19:22:41.592569,Success,0,24.1,0
DEP000217,P003,S0029,staging,2024-04-11 17:37:36.990540,Success,0,16.1,0
DEP000218,P003,S0029,production,2024-04-19 14:00:30.374686,Success,0,7.9,0
DEP000219,P003,S0029,production,2024-04-11 02:00:49.634559,Failed,1,3.3,1
DEP000220,P003,S0030,staging,2024-04-26 23:14:15.287768,Success,0,2.4,0
DEP000221,P003,S0030,staging,2024-04-28 05:15:47.392055,Success,0,17.0,0
DEP000222,P003,S0030,staging,2024-04-25 23:01:38.033712,Success,0,35.8,0
DEP000223,P003,S0030,production,2024-05-06 12:48:06.563070,Success,0,40.4,0
DEP000224,P003,S0030,staging,2024-05-06 19:30:04.106161,Success,0,29.6,0
DEP000225,P003,S0030,production,2024-05-02 18:00:13.872253,Success,0,31.5,0
DEP000226,P003,S0030,staging,2024-05-01 03:21:03.369501,Success,0,13.2,0
DEP000227,P003,S0030,production,2024-04-28 03:42:52.620786,Success,0,19.1,0
DEP000228,P003,S0030,staging,2024-04-26 21:57:30.474285,Success,0,33.0,0
DEP000229,P004,S0031,production,2023-12-29 18:43:23.277343,Success,0,8.4,0
DEP000230,P004,S0031,production,2024-01-02 12:14:19.243796,Success,0,9.2,0
DEP000231,P004,S0031,staging,2024-01-09 01:45:57.527331,Success,0,15.1,0
DEP000232,P004,S0031,staging,2024-01-10 12:59:24.493222,Success,0,6.9,0
DEP000233,P004,S0031,staging,2023-12-30 06:55:26.081513,Success,0,8.3,0
DEP000234,P004,S0031,staging,2024-01-07 18:26:42.198768,Success,0,1.0,0
DEP000235,P004,S0031,staging,2024-01-07 22:07:37.521917,Success,0,7.0,0
DEP000236,P004,S0032,production,2024-01-18 19:09:58.144083,Success,0,18.8,0
DEP000237,P004,S0032,staging,2024-01-20 03:52:09.926079,Success,0,6.8,0
DEP000238,P004,S0032,production,2024-01-18 08:47:52.544198,Success,0,5.4,0
DEP000239,P004,S0032,staging,2024-01-13 01:10:23.717093,Success,0,9.8,0
DEP000240,P004,S0032,staging,2024-01-20 10:22:25.968160,Success,0,16.4,0
DEP000241,P004,S0032,staging,2024-01-12 11:31:02.235242,Failed,1,10.1,1
DEP000242,P004,S0032,production,2024-01-13 08:24:52.180542,Success,0,48.5,0
DEP000243,P004,S0032,production,2024-01-17 13:40:40.026331,Success,0,14.1,0
DEP000244,P004,S0032,production,2024-01-23 08:40:38.325884,Success,0,19.7,0
DEP000245,P004,S0033,staging,2024-02-01 12:26:50.468269,Success,0,24.6,0
DEP000246,P004,S0033,production,2024-02-02 04:58:51.420320,Success,0,5.6,0
DEP000247,P004,S0033,staging,2024-01-27 11:11:59.055423,Success,0,10.9,0
DEP000248,P004,S0033,production,2024-01-27 12:32:57.480225,Success,0,6.0,0
DEP000249,P004,S0033,production,2024-01-28 10:54:45.053158,Success,0,12.6,0
DEP000250,P004,S0033,staging,2024-01-29 05:08:29.919693,Success,0,28.5,0
DEP000251,P004,S0034,production,2024-02-14 00:58:24.158367,Success,0,10.3,0
DEP000252,P004,S0034,production,2024-02-13 19:00:58.201324,Failed,1,27.6,1
DEP000253,P004,S0034,production,2024-02-09 18:19:24.677059,Failed,0,14.9,1
DEP000254,P004,S0034,production,2024-02-09 07:47:14.971424,Success,0,8.5,0
DEP000255,P004,S0034,staging,2024-02-09 23:22:01.434437,Success,0,2.4,0
DEP000256,P004,S0034,staging,2024-02-13 15:14:05.022829,Success,0,6.1,0
DEP000257,P004,S0034,staging,2024-02-10 07:59:06.607624,Failed,0,12.2,1
DEP000258,P004,S0034,production,2024-02-12 17:51:36.753373,Success,0,15.1,0
DEP000259,P004,S0034,staging,2024-02-16 00:17:22.574381,Success,0,30.9,0
DEP000260,P004,S0034,production,2024-02-19 17:17:31.759229,Success,0,16.1,0
DEP000261,P004,S0034,staging,2024-02-15 06:29:40.662715,Success,0,18.8,0
DEP000262,P004,S0034,production,2024-02-20 16:47:38.078910,Success,0,5.6,0
DEP000263,P004,S0035,staging,2024-03-04 16:51:42.574557,Success,0,16.7,0
DEP000264,P004,S0035,production,2024-02-27 08:08:22.905262,Success,0,25.2,0
DEP000265,P004,S0035,production,2024-02-28 18:27:18.961070,Success,0,5.7,0
DEP000266,P004,S0035,production,2024-03-04 12:11:55.816590,Success,0,16.0,0
DEP000267,P004,S0035,production,2024-03-04 04:58:13.206787,Success,0,8.5,0
DEP000268,P004,S0035,production,2024-03-06 21:50:08.422173,Success,0,15.0,0
DEP000269,P004,S0035,staging,2024-03-03 11:16:12.318409,Success,0,37.1,0
DEP000270,P004,S0035,staging,2024-02-28 02:14:06.864384,Success,0,36.8,0
DEP000271,P004,S0035,staging,2024-03-02 13:03:01.181497,Success,0,9.4,0
DEP000272,P004,S0035,staging,2024-03-01 20:41:16.128655,Success,0,7.1,0
DEP000273,P004,S0036,staging,2024-03-15 14:16:29.904187,Success,0,7.0,0
DEP000274,P004,S0036,staging,2024-03-12 18:04:37.537691,Success,0,29.1,0
DEP000275,P004,S0036,production,2024-03-10 08:16:07.910646,Success,0,2.9,0
DEP000276,P004,S0036,production,2024-03-16 04:54:24.758651,Failed,0,8.5,1
DEP000277,P004,S0036,staging,2024-03-13 05:44:52.259010,Success,0,12.3,0
DEP000278,P004,S0036,production,2024-03-13 02:57:48.512189,Success,0,3.2,0
DEP000279,P004,S0036,staging,2024-03-16 15:04:52.727618,Success,0,18.5,0
DEP000280,P004,S0036,production,2024-03-10 07:15:20.109349,Success,0,3.4,0
DEP000281,P004,S0036,staging,2024-03-08 15:41:40.991887,Success,0,16.5,0
DEP000282,P004,S0036,production,2024-03-16 18:23:23.944528,Success,0,27.9,0
DEP000283,P004,S0036,production,2024-03-11 22:37:59.590164,Success,0,9.7,0
DEP000284,P004,S0036,production,2024-03-20 05:36:45.703745,Success,0,47.6,0
DEP000285,P004,S0037,staging,2024-04-03 04:22:21.636864,Success,0,3.2,0
DEP000286,P004,S0037,production,2024-03-22 23:02:39.704534,Success,0,7.7,0
DEP000287,P004,S0037,production,2024-03-23 10:50:17.434880,Success,0,21.6,0
DEP000288,P004,S0037,production,2024-03-30 07:06:37.655955,Success,0,8.9,0
DEP000289,P004,S0037,production,2024-03-30 18:24:23.101738,Success,0,33.1,0
DEP000290,P004,S0037,staging,2024-03-30 17:06:18.178702,Success,0,12.6,0
DEP000291,P004,S0038,production,2024-04-12 09:00:25.156138,Success,0,10.9,0
DEP000292,P004,S0038,staging,2024-04-17 16:48:46.256492,Success,0,16.8,0
DEP000293,P004,S0038,staging,2024-04-14 22:41:07.813282,Success,0,21.7,0
DEP000294,P004,S0039,production,2024-04-23 15:56:21.112188,Success,0,14.9,0
DEP000295,P004,S0039,production,2024-04-20 17:48:43.200409,Success,0,9.8,0
DEP000296,P004,S0039,staging,2024-04-23 05:10:12.432907,Success,0,2.9,0
DEP000297,P004,S0039,staging,2024-04-21 21:47:41.075728,Success,0,28.9,0
DEP000298,P004,S0039,staging,2024-04-30 02:03:48.437485,Success,0,23.4,0
DEP000299,P004,S0040,production,2024-05-08 09:23:50.221078,Success,0,31.7,0
DEP000300,P004,S0040,staging,2024-05-06 15:36:07.080576,Success,0,6.5,0
DEP000301,P004,S0040,staging,2024-05-15 00:39:52.794268,Success,0,15.7,0
DEP000302,P004,S0040,production,2024-05-10 17:20:22.527879,Success,0,12.0,0
DEP000303,P004,S0040,production,2024-05-14 02:12:39.750444,Success,0,4.6,0
DEP000304,P004,S0040,staging,2024-05-05 19:05:53.596106,Success,0,15.9,0
DEP000305,P004,S0040,production,2024-05-03 06:43:33.511685,Failed,1,19.4,1
DEP000306,P004,S0040,production,2024-05-08 11:38:32.129649,Success,0,18.4,0
DEP000307,P004,S0040,staging,2024-05-10 10:56:10.096084,Success,0,20.5,0
DEP000308,P005,S0041,staging,2024-01-04 01:08:40.987596,Success,0,20.8,0
DEP000309,P005,S0041,staging,2023-12-25 22:53:37.575741,Success,0,2.2,0
DEP000310,P005,S0041,staging,2024-01-01 10:36:27.490224,Success,0,29.1,0
DEP000311,P005,S0041,production,2024-01-05 03:24:38.584288,Success,0,17.2,0
DEP000312,P005,S0041,production,2024-01-02 14:04:04.675501,Success,0,14.2,0
DEP000313,P005,S0042,production,2024-01-19 15:57:45.050209,Success,0,2.9,0
DEP000314,P005,S0042,staging,2024-01-13 23:13:42.975960,Success,0,3.7,0
DEP000315,P005,S0042,production,2024-01-09 18:50:07.820038,Success,0,24.8,0
DEP000316,P005,S0042,staging,2024-01-13 18:58:35.866344,Success,0,30.8,0
DEP000317,P005,S0042,staging,2024-01-09 01:30:50.409232,Success,0,21.6,0
DEP000318,P005,S0042,staging,2024-01-18 18:18:03.253793,Success,0,34.0,0
DEP000319,P005,S0042,production,2024-01-11 16:00:34.608110,Success,0,29.5,0
DEP000320,P005,S0043,staging,2024-01-29 12:22:12.247801,Success,0,32.2,0
DEP000321,P005,S0043,staging,2024-01-26 22:10:35.390483,Success,0,24.3,0
DEP000322,P005,S0043,staging,2024-01-30 02:25:40.818608,Success,0,13.6,0
DEP000323,P005,S0043,staging,2024-01-24 21:28:36.222453,Success,0,13.8,0
DEP000324,P005,S0043,production,2024-02-01 08:39:57.510205,Success,0,13.5,0
DEP000325,P005,S0044,staging,2024-02-06 15:17:17.236494,Success,0,17.4,0
DEP000326,P005,S0044,production,2024-02-15 03:54:54.154248,Failed,1,7.6,1
DEP000327,P005,S0044,staging,2024-02-10 16:10:16.025104,Success,0,10.8,0
DEP000328,P005,S0044,staging,2024-02-04 17:08:25.823505,Success,0,12.1,0
DEP000329,P005,S0044,production,2024-02-09 13:21:54.717840,Success,0,12.8,0
DEP000330,P005,S0044,staging,2024-02-06 22:19:56.266455,Success,0,18.2,0
DEP000331,P005,S0045,production,2024-02-24 07:58:10.497805,Success,0,2.9,0
DEP000332,P005,S0045,staging,2024-02-28 02:50:50.395878,Success,0,21.2,0
DEP000333,P005,S0045,production,2024-03-01 19:09:03.569253,Success,0,13.6,0
DEP000334,P005,S0046,staging,2024-03-10 14:35:43.795700,Success,0,10.1,0
DEP000335,P005,S0046,production,2024-03-08 09:20:16.755595,Success,0,45.8,0
DEP000336,P005,S0046,production,2024-03-13 06:45:30.939985,Success,0,25.2,0
DEP000337,P005,S0046,staging,2024-03-13 04:46:59.857697,Success,0,2.3,0
DEP000338,P005,S0046,production,2024-03-03 19:29:54.337011,Success,0,13.2,0
DEP000339,P005,S0046,production,2024-03-14 03:05:39.077485,Success,0,16.2,0
DEP000340,P005,S0046,staging,2024-03-15 21:58:27.141311,Success,0,9.7,0
DEP000341,P005,S0046,staging,2024-03-04 16:17:28.052395,Success,0,3.2,0
DEP000342,P005,S0046,staging,2024-03-12 16:05:21.465556,Success,0,9.2,0
DEP000343,P005,S0047,production,2024-03-18 13:33:46.527036,Success,0,6.4,0
DEP000344,P005,S0047,production,2024-03-26 02:35:18.357828,Success,0,6.5,0
DEP000345,P005,S0047,staging,2024-03-29 08:03:17.361531,Success,0,11.2,0
DEP000346,P005,S0047,production,2024-03-19 15:15:09.784685,Success,0,55.4,0
DEP000347,P005,S0047,production,2024-03-22 16:31:00.091154,Success,0,20.0,0
DEP000348,P005,S0047,staging,2024-03-21 13:54:11.455517,Success,0,18.2,0
DEP000349,P005,S0047,production,2024-03-25 11:34:53.949114,Success,0,11.1,0
DEP000350,P005,S0048,staging,2024-04-01 10:44:52.984722,Success,0,6.3,0
DEP000351,P005,S0048,production,2024-04-10 10:12:58.880183,Success,0,1.0,0
DEP000352,P005,S0048,staging,2024-04-11 14:58:00.498222,Success,0,9.0,0
DEP000353,P005,S0048,staging,2024-04-02 15:47:08.184499,Success,0,4.0,0
DEP000354,P005,S0048,staging,2024-03-31 11:42:51.843028,Failed,0,37.4,1
DEP000355,P005,S0048,staging,2024-04-03 10:12:46.071841,Success,0,1.0,0
DEP000356,P005,S0048,staging,2024-04-09 06:49:48.729474,Success,0,9.4,0
DEP000357,P005,S0049,production,2024-04-20 19:46:31.446234,Success,0,18.6,0
DEP000358,P005,S0049,production,2024-04-15 05:43:44.199905,Success,0,23.5,0
DEP000359,P005,S0049,production,2024-04-17 06:44:22.012041,Success,0,24.3,0
DEP000360,P005,S0049,staging,2024-04-14 04:45:47.128751,Success,0,31.9,0
DEP000361,P005,S0049,staging,2024-04-17 13:03:02.122803,Success,0,7.9,0
DEP000362,P005,S0049,production,2024-04-24 01:15:45.798839,Failed,1,10.6,1
DEP000363,P005,S0050,staging,2024-05-04 23:18:15.454424,Success,0,8.0,0
DEP000364,P005,S0050,staging,2024-05-07 18:42:42.886688,Success,0,51.7,0
DEP000365,P005,S0050,staging,2024-04-30 00:21:08.906950,Success,0,23.1,0
DEP000366,P005,S0050,production,2024-05-01 21:10:52.218678,Failed,1,14.6,1
DEP000367,P006,S0051,staging,2023-11-25 15:52:26.516936,Success,0,7.1,0
DEP000368,P006,S0051,production,2023-11-29 07:52:20.572048,Success,0,10.6,0
DEP000369,P006,S0051,production,2023-11-20 20:50:40.015082,Success,0,13.2,0
DEP000370,P006,S0052,production,2023-12-12 20:28:01.511186,Success,0,4.2,0
DEP000371,P006,S0052,staging,2023-12-09 12:32:14.391164,Success,0,4.7,0
DEP000372,P006,S0052,staging,2023-12-07 12:52:38.367910,Success,0,39.7,0
DEP000373,P006,S0052,production,2023-12-15 01:33:09.915830,Success,0,13.9,0
DEP000374,P006,S0052,staging,2023-12-15 21:49:22.622534,Success,0,22.9,0
DEP000375,P006,S0052,production,2023-12-07 17:04:32.489633,Success,0,2.6,0
DEP000376,P006,S0053,staging,2023-12-25 23:20:06.969380,Success,0,24.1,0
DEP000377,P006,S0053,staging,2023-12-27 20:35:09.391044,Success,0,51.8,0
DEP000378,P006,S0053,staging,2023-12-19 18:55:57.945846,Success,0,21.5,0
DEP000379,P006,S0053,production,2023-12-25 21:20:44.649540,Success,0,68.3,0
DEP000380,P006,S0053,production,2023-12-23 20:10:17.789320,Failed,0,17.7,1
DEP000381,P006,S0053,production,2023-12-21 21:17:14.501418,Failed,1,13.1,1
DEP000382,P006,S0053,staging,2023-12-25 16:24:39.039833,Success,0,7.5,0
DEP000383,P006,S0053,production,2023-12-30 03:21:32.010660,Success,0,17.1,0
DEP000384,P006,S0054,staging,2024-01-12 18:48:28.089536,Success,0,9.0,0
DEP000385,P006,S0054,staging,2024-01-09 13:48:19.950036,Success,0,9.4,0
DEP000386,P006,S0054,staging,2024-01-03 00:28:40.074128,Success,0,13.0,0
DEP000387,P006,S0054,staging,2024-01-09 01:07:51.562593,Success,0,10.2,0
DEP000388,P006,S0054,production,2024-01-12 18:07:53.154785,Success,0,39.1,0
DEP000389,P006,S0054,staging,2024-01-07 00:06:04.876929,Success,0,15.5,0
DEP000390,P006,S0055,staging,2024-01-19 16:13:03.362891,Success,0,23.6,0
DEP000391,P006,S0055,staging,2024-01-20 20:56:48.424083,Success,0,38.1,0
DEP000392,P006,S0055,staging,2024-01-15 16:10:17.143234,Success,0,29.6,0
DEP000393,P006,S0055,staging,2024-01-27 04:49:48.827788,Success,0,25.9,0
DEP000394,P006,S0055,production,2024-01-15 00:36:08.816260,Success,0,16.3,0
DEP000395,P006,S0055,staging,2024-01-26 21:40:58.291432,Success,0,24.0,0
DEP000396,P006,S0055,staging,2024-01-16 11:02:43.963906,Success,0,6.1,0
DEP000397,P006,S0055,production,2024-01-26 16:54:44.660115,Success,0,23.0,0
DEP000398,P006,S0055,production,2024-01-24 15:26:55.551851,Success,0,17.4,0
DEP000399,P006,S0055,production,2024-01-27 04:10:35.348727,Success,0,41.2,0
DEP000400,P006,S0056,production,2024-01-30 09:23:31.963607,Success,0,13.5,0
DEP000401,P006,S0056,production,2024-02-03 05:14:57.706949,Success,0,7.7,0
DEP000402,P006,S0056,staging,2024-02-09 13:43:13.770928,Success,0,1.5,0
DEP000403,P006,S0056,staging,2024-01-31 08:34:14.556607,Success,0,7.1,0
DEP000404,P006,S0056,staging,2024-02-01 10:53:37.769736,Success,0,3.5,0
DEP000405,P006,S0056,production,2024-02-08 09:23:21.389370,Success,0,20.1,0
DEP000406,P006,S0056,staging,2024-02-04 01:18:06.152518,Success,0,7.7,0
DEP000407,P006,S0056,production,2024-02-07 16:59:54.371470,Success,0,9.2,0
DEP000408,P006,S0056,staging,2024-02-09 01:01:03.334519,Success,0,17.6,0
DEP000409,P006,S0057,staging,2024-02-13 04:58:45.530027,Success,0,39.1,0
DEP000410,P006,S0057,staging,2024-02-14 08:45:04.199232,Failed,1,15.0,1
DEP000411,P006,S0057,staging,2024-02-15 05:05:41.494186,Success,0,17.1,0
DEP000412,P006,S0057,staging,2024-02-12 21:21:37.729264,Success,0,6.4,0
DEP000413,P006,S0057,staging,2024-02-14 20:57:29.873651,Success,0,9.5,0
DEP000414,P006,S0057,production,2024-02-19 13:09:34.272700,Success,0,11.0,0
DEP000415,P006,S0057,staging,2024-02-13 13:23:25.671680,Success,0,7.4,0
DEP000416,P006,S0058,staging,2024-03-06 22:22:37.963091,Success,0,16.1,0
DEP000417,P006,S0058,production,2024-03-02 19:21:04.170931,Success,0,31.6,0
DEP000418,P006,S0058,production,2024-03-08 11:55:00.961530,Success,0,19.2,0
DEP000419,P006,S0058,production,2024-03-08 07:19:43.005865,Success,0,2.6,0
DEP000420,P006,S0058,production,2024-03-03 20:50:25.577620,Success,0,8.9,0
DEP000421,P006,S0058,production,2024-03-06 06:36:43.987643,Success,0,15.1,0
DEP000422,P006,S0058,staging,2024-03-07 16:17:05.890809,Success,0,9.1,0
DEP000423,P006,S0058,production,2024-02-27 19:26:41.422360,Success,0,9.2,0
DEP000424,P006,S0058,staging,2024-02-26 17:05:27.574820,Success,0,21.1,0
DEP000425,P006,S0058,staging,2024-03-09 07:48:07.733129,Success,0,31.6,0
DEP000426,P006,S0058,production,2024-03-02 05:20:57.942172,Failed,0,26.4,1
DEP000427,P006,S0058,staging,2024-03-03 14:22:00.284547,Success,0,1.3,0
DEP000428,P006,S0059,staging,2024-03-15 09:42:29.373352,Success,0,8.4,0
DEP000429,P006,S0059,staging,2024-03-18 22:42:46.234976,Success,0,13.7,0
DEP000430,P006,S0060,staging,2024-04-02 04:59:17.166586,Failed,1,26.6,1
DEP000431,P006,S0060,staging,2024-03-28 02:06:52.322523,Success,0,12.5,0
DEP000432,P006,S0060,staging,2024-03-28 12:52:39.183696,Success,0,22.6,0
DEP000433,P006,S0060,production,2024-03-28 10:18:47.818782,Success,0,5.3,0
DEP000434,P006,S0060,staging,2024-04-04 03:54:51.787369,Success,0,11.9,0
DEP000435,P006,S0060,staging,2024-03-26 18:02:37.017141,Success,0,10.6,0
DEP000436,P006,S0060,staging,2024-03-30 01:38:32.162286,Success,0,6.4,0
DEP000437,P006,S0060,staging,2024-03-26 05:40:39.694740,Success,0,19.8,0
DEP000438,P006,S0060,production,2024-04-05 16:51:40.278537,Success,0,13.2,0
DEP000439,P007,S0061,staging,2023-11-19 18:30:02.334037,Success,0,22.7,0
DEP000440,P007,S0061,staging,2023-11-20 16:29:40.966544,Success,0,4.4,0
DEP000441,P007,S0061,production,2023-11-23 07:29:27.219425,Success,0,17.2,0
DEP000442,P007,S0062,production,2023-12-02 22:27:01.984252,Success,0,5.1,0
DEP000443,P007,S0062,production,2023-12-04 23:04:22.444240,Success,0,10.3,0
DEP000444,P007,S0062,production,2023-12-14 12:34:04.111089,Success,0,19.2,0
DEP000445,P007,S0062,staging,2023-12-05 11:20:07.751988,Success,0,25.6,0
DEP000446,P007,S0062,production,2023-12-08 18:03:16.100328,Failed,0,13.9,1
DEP000447,P007,S0063,staging,2023-12-16 23:21:49.019386,Failed,0,7.7,1
DEP000448,P007,S0063,production,2023-12-20 11:56:08.801800,Success,0,4.2,0
DEP000449,P007,S0063,staging,2023-12-24 23:51:16.883755,Success,0,4.5,0
DEP000450,P007,S0063,production,2023-12-28 23:38:58.035522,Success,0,27.1,0
DEP000451,P007,S0063,production,2023-12-20 17:02:55.908171,Success,0,5.8,0
DEP000452,P007,S0063,production,2023-12-21 13:25:14.292005,Success,0,41.7,0
DEP000453,P007,S0063,staging,2023-12-23 08:00:59.752920,Success,0,12.9,0
DEP000454,P007,S0063,staging,2023-12-22 13:22:18.176704,Success,0,14.4,0
DEP000455,P007,S0064,staging,2024-01-01 22:10:48.018829,Success,0,34.3,0
DEP000456,P007,S0064,staging,2024-01-07 06:41:07.251487,Success,0,19.2,0
DEP000457,P007,S0064,staging,2024-01-01 14:49:53.643327,Success,0,13.3,0
DEP000458,P007,S0064,production,2024-01-08 19:25:30.008947,Success,0,5.9,0
DEP000459,P007,S0064,staging,2024-01-09 10:53:48.830026,Success,0,32.9,0
DEP000460,P007,S0064,staging,2024-01-07 07:40:31.578345,Success,0,18.3,0
DEP000461,P007,S0064,staging,2024-01-03 22:42:01.801816,Success,0,3.8,0
DEP000462,P007,S0065,staging,2024-01-25 11:57:07.007976,Success,0,9.3,0
DEP000463,P007,S0065,production,2024-01-16 17:14:43.878009,Success,0,11.7,0
DEP000464,P007,S0065,production,2024-01-15 19:46:23.291545,Success,0,7.7,0
DEP000465,P007,S0065,staging,2024-01-25 22:44:13.029699,Success,0,10.4,0
DEP000466,P007,S0065,production,2024-01-24 01:51:05.045271,Success,0,43.1,0
DEP000467,P007,S0065,staging,2024-01-14 02:34:14.328726,Success,0,1.5,0
DEP000468,P007,S0065,production,2024-01-16 01:49:37.778026,Success,0,9.4,0
DEP000469,P007,S0065,production,2024-01-22 18:51:48.015144,Success,0,35.2,0
DEP000470,P007,S0065,production,2024-01-25 09:45:24.341725,Success,0,8.1,0
DEP000471,P007,S0065,production,2024-01-22 11:28:36.356556,Success,0,14.8,0
DEP000472,P007,S0065,production,2024-01-25 00:07:49.607065,Failed,1,6.1,1
DEP000473,P007,S0066,staging,2024-01-29 18:36:29.066438,Success,0,1.8,0
DEP000474,P007,S0066,staging,2024-02-03 09:32:16.557894,Success,0,4.9,0
DEP000475,P007,S0066,production,2024-02-02 02:06:58.802309,Success,0,6.8,0
DEP000476,P007,S0066,staging,2024-01-28 14:16:57.661248,Success,0,7.6,0
DEP000477,P007,S0066,production,2024-02-02 14:58:12.748538,Success,0,8.7,0
DEP000478,P007,S0067,staging,2024-02-14 11:55:49.151784,Success,0,9.5,0
DEP000479,P007,S0067,staging,2024-02-14 01:55:50.579470,Success,0,22.4,0
DEP000480,P007,S0067,staging,2024-02-10 05:57:03.721499,Success,0,17.1,0
DEP000481,P007,S0067,staging,2024-02-18 19:26:41.498074,Failed,0,25.3,1
DEP000482,P007,S0067,staging,2024-02-13 17:51:58.439605,Success,0,6.0,0
DEP000483,P007,S0067,staging,2024-02-18 22:30:01.507350,Success,0,3.8,0
DEP000484,P007,S0068,production,2024-03-07 03:58:05.122656,Success,0,31.5,0
DEP000485,P007,S0068,staging,2024-03-07 20:05:53.505937,Success,0,7.3,0
DEP000486,P007,S0068,production,2024-03-01 01:11:35.642999,Success,0,18.5,0
DEP000487,P007,S0068,staging,2024-03-07 05:15:25.957297,Success,0,6.2,0
DEP000488,P007,S0068,staging,2024-03-03 14:25:09.082611,Success,0,14.1,0
DEP000489,P007,S0068,staging,2024-02-26 01:15:40.295306,Success,0,22.5,0
DEP000490,P007,S0068,production,2024-02-27 16:54:50.439068,Success,0,5.6,0
DEP000491,P007,S0069,staging,2024-03-09 07:21:54.288672,Success,0,11.5,0
DEP000492,P007,S0069,staging,2024-03-21 06:17:11.725443,Success,0,15.5,0
DEP000493,P007,S0069,production,2024-03-13 02:14:41.557684,Success,0,17.8,0
DEP000494,P007,S0069,staging,2024-03-11 07:56:44.999042,Success,0,52.7,0
DEP000495,P007,S0069,production,2024-03-17 14:49:44.795660,Success,0,40.6,0
DEP000496,P007,S0069,staging,2024-03-16 10:04:49.350495,Success,0,4.0,0
DEP000497,P007,S0069,production,2024-03-11 10:10:25.054134,Success,0,43.5,0
DEP000498,P007,S0069,staging,2024-03-09 08:32:29.941890,Success,0,14.6,0
DEP000499,P007,S0069,production,2024-03-16 23:03:08.965126,Success,0,2.4,0
DEP000500,P007,S0069,staging,2024-03-15 06:59:03.573207,Success,0,9.7,0
DEP000501,P007,S0069,staging,2024-03-16 16:28:36.752330,Success,0,7.0,0
DEP000502,P007,S0070,production,2024-03-27 08:57:20.205622,Success,0,6.1,0
DEP000503,P007,S0070,staging,2024-04-01 10:31:41.259673,Success,0,10.5,0
DEP000504,P007,S0070,staging,2024-03-31 17:48:21.618819,Success,0,17.6,0
DEP000505,P007,S0070,staging,2024-03-23 06:37:55.647677,Success,0,13.5,0
DEP000506,P008,S0071,staging,2023-12-28 05:39:32.499632,Success,0,35.9,0
DEP000507,P008,S0071,production,2024-01-01 23:50:44.584009,Success,0,26.5,0
DEP000508,P008,S0071,production,2024-01-02 15:59:29.111852,Success,0,16.8,0
DEP000509,P008,S0071,production,2024-01-06 22:22:51.083981,Success,0,13.6,0
DEP000510,P008,S0072,staging,2024-01-15 04:55:52.182630,Success,0,7.7,0
DEP000511,P008,S0072,staging,2024-01-23 01:14:11.471007,Success,0,47.6,0
DEP000512,P008,S0072,staging,2024-01-13 01:16:21.932115,Success,0,19.0,0
DEP000513,P008,S0073,production,2024-02-04 12:58:36.299704,Success,0,35.0,0
DEP000514,P008,S0073,staging,2024-01-25 08:33:01.342626,Success,0,6.7,0
DEP000515,P008,S0073,staging,2024-02-05 02:29:43.719170,Failed,0,3.3,1
DEP000516,P008,S0073,staging,2024-01-25 08:39:05.174752,Success,0,19.3,0
DEP000517,P008,S0073,staging,2024-02-04 03:04:24.272677,Success,0,6.2,0
DEP000518,P008,S0074,staging,2024-02-13 15:02:08.486304,Success,0,40.8,0
DEP000519,P008,S0074,production,2024-02-16 17:10:34.109622,Failed,1,4.7,1
DEP000520,P008,S0074,production,2024-02-19 09:16:19.721907,Success,0,12.9,0
DEP000521,P008,S0074,production,2024-02-16 23:18:37.713869,Success,0,7.0,0
DEP000522,P008,S0075,production,2024-02-26 06:17:54.289472,Success,0,10.4,0
DEP000523,P008,S0075,production,2024-02-26 11:45:32.131957,Success,0,2.8,0
DEP000524,P008,S0075,staging,2024-03-05 17:23:09.382882,Success,0,52.3,0
DEP000525,P008,S0076,staging,2024-03-07 21:40:24.322270,Success,0,7.8,0
DEP000526,P008,S0076,staging,2024-03-19 20:24:46.864170,Success,0,36.2,0
DEP000527,P008,S0077,staging,2024-03-28 16:47:57.302674,Failed,0,2.8,1
DEP000528,P008,S0077,staging,2024-03-26 14:35:50.045970,Failed,0,17.2,1
DEP000529,P008,S0077,staging,2024-03-21 16:32:34.015816,Success,0,5.7,0
DEP000530,P008,S0078,production,2024-04-09 08:01:47.903653,Failed,1,17.6,1
DEP000531,P008,S0078,production,2024-04-12 05:42:48.320575,Success,0,5.6,0
DEP000532,P008,S0078,staging,2024-04-14 06:58:29.432855,Success,0,9.3,0
DEP000533,P008,S0078,staging,2024-04-15 10:29:02.788000,Success,0,31.6,0
DEP000534,P008,S0079,staging,2024-04-27 04:27:47.694911,Success,0,27.0,0
DEP000535,P008,S0079,staging,2024-04-27 22:22:11.609264,Success,0,29.9,0
DEP000536,P008,S0079,production,2024-04-18 09:45:30.175703,Success,0,13.2,0
DEP000537,P008,S0079,staging,2024-04-18 04:06:53.080898,Success,0,3.4,0
DEP000538,P008,S0079,production,2024-04-22 14:15:20.699331,Success,0,23.2,0
DEP000539,P008,S0079,production,2024-04-30 06:44:16.731312,Success,0,25.7,0
DEP000540,P008,S0079,production,2024-04-29 09:30:09.380433,Success,0,34.0,0
DEP000541,P008,S0080,staging,2024-05-13 11:10:34.989710,Success,0,23.0,0
DEP000542,P008,S0080,staging,2024-05-06 10:28:26.444867,Success,0,9.4,0
DEP000543,P008,S0080,production,2024-05-08 16:14:09.973031,Success,0,10.2,0
DEP000544,P008,S0080,staging,2024-05-03 23:56:28.732706,Success,0,11.7,0
DEP000545,P009,S0081,staging,2024-01-01 19:41:35.188223,Failed,1,20.4,1
DEP000546,P009,S0081,staging,2024-01-07 23:48:37.791361,Success,0,10.1,0
DEP000547,P009,S0082,staging,2024-01-22 19:30:44.508977,Success,0,25.4,0
DEP000548,P009,S0082,staging,2024-01-17 02:09:07.748365,Failed,1,2.3,1
DEP000549,P009,S0082,staging,2024-01-18 23:59:38.763195,Failed,1,2.1,1
DEP000550,P009,S0082,staging,2024-01-23 06:28:59.713852,Success,0,30.5,0
DEP000551,P009,S0083,staging,2024-02-07 06:26:52.647612,Failed,0,20.0,1
DEP000552,P009,S0083,production,2024-01-30 20:24:10.208584,Success,0,34.6,0
DEP000553,P009,S0083,staging,2024-01-29 22:17:40.923224,Success,0,14.8,0
DEP000554,P009,S0083,staging,2024-02-07 09:01:46.283083,Success,0,18.1,0
DEP000555,P009,S0083,staging,2024-02-04 06:22:33.357000,Success,0,20.4,0
DEP000556,P009,S0083,staging,2024-01-28 15:32:48.407989,Failed,0,19.6,1
DEP000557,P009,S0083,staging,2024-02-06 01:37:59.208105,Success,0,40.2,0
DEP000558,P009,S0084,staging,2024-02-10 12:08:32.732126,Success,0,4.1,0
DEP000559,P009,S0084,staging,2024-02-20 12:46:46.583807,Success,0,33.5,0
DEP000560,P009,S0085,staging,2024-02-23 08:49:44.773360,Success,0,14.0,0
DEP000561,P009,S0085,production,2024-03-02 14:31:53.175397,Success,0,26.1,0
DEP000562,P009,S0085,production,2024-02-29 09:21:07.677344,Success,0,35.2,0
DEP000563,P009,S0085,staging,2024-02-25 18:35:10.830828,Failed,0,7.0,1
DEP000564,P009,S0085,production,2024-03-04 10:16:42.938186,Success,0,7.7,0
DEP000565,P009,S0085,staging,2024-02-27 14:39:11.175998,Success,0,8.0,0
DEP000566,P009,S0085,production,2024-03-06 14:21:36.746187,Success,0,20.8,0
DEP000567,P009,S0086,staging,2024-03-19 17:39:43.462981,Success,0,21.9,0
DEP000568,P009,S0086,production,2024-03-09 09:54:35.265122,Success,0,4.8,0
DEP000569,P009,S0087,staging,2024-04-03 21:09:09.900814,Success,0,30.6,0
DEP000570,P009,S0087,staging,2024-04-01 05:41:53.225520,Success,0,12.6,0
DEP000571,P009,S0087,production,2024-03-24 10:49:41.461799,Failed,1,9.3,1
DEP000572,P009,S0087,production,2024-03-30 13:53:59.930772,Success,0,15.2,0
DEP000573,P009,S0087,production,2024-03-24 02:53:50.411648,Failed,1,18.3,1
DEP000574,P009,S0087,staging,2024-03-29 01:17:15.925810,Success,0,26.7,0
DEP000575,P009,S0087,staging,2024-03-22 20:03:01.377161,Success,0,25.0,0
DEP000576,P009,S0087,production,2024-04-02 08:36:33.740295,Success,0,12.9,0
DEP000577,P009,S0087,staging,2024-03-28 15:00:11.682295,Success,0,6.9,0
DEP000578,P009,S0088,production,2024-04-05 22:36:46.635776,Success,0,16.6,0
DEP000579,P009,S0088,staging,2024-04-15 01:37:21.866287,Success,0,2.6,0
DEP000580,P009,S0088,staging,2024-04-05 22:55:21.650421,Success,0,3.7,0
DEP000581,P009,S0089,staging,2024-04-20 03:02:11.725358,Success,0,10.9,0
DEP000582,P009,S0089,staging,2024-04-19 01:18:46.265159,Success,0,37.5,0
DEP000583,P009,S0090,production,2024-05-08 01:55:49.570221,Success,0,69.7,0
DEP000584,P009,S0090,staging,2024-05-10 06:10:31.074539,Success,0,10.5,0
DEP000585,P009,S0090,staging,2024-05-03 08:14:23.654842,Success,0,16.9,0
DEP000586,P009,S0090,production,2024-05-13 14:55:53.588039,Success,0,30.8,0
DEP000587,P009,S0090,production,2024-05-14 12:11:39.143031,Success,0,16.8,0
DEP000588,P009,S0090,staging,2024-05-06 05:37:03.680379,Failed,1,10.8,1
DEP000589,P010,S0091,production,2023-12-08 07:39:57.060548,Success,0,40.4,0
DEP000590,P010,S0091,production,2023-12-06 22:25:30.745882,Failed,1,4.7,1
DEP000591,P010,S0091,staging,2023-12-11 08:11:58.370165,Success,0,5.6,0
DEP000592,P010,S0091,staging,2023-12-12 19:13:12.135225,Success,0,23.9,0
DEP000593,P010,S0091,production,2023-12-06 20:25:08.418012,Success,0,12.4,0
DEP000594,P010,S0091,production,2023-12-06 11:42:03.742783,Success,0,28.3,0
DEP000595,P010,S0091,staging,2023-11-30 17:40:52.362145,Success,0,14.0,0
DEP000596,P010,S0091,production,2023-12-10 04:43:06.607497,Success,0,19.4,0
DEP000597,P010,S0091,staging,2023-11-30 08:49:19.655763,Failed,1,5.0,1
DEP000598,P010,S0092,staging,2023-12-15 00:59:31.143993,Success,0,4.8,0
DEP000599,P010,S0092,production,2023-12-18 04:42:26.679536,Success,0,5.8,0
DEP000600,P010,S0092,staging,2023-12-24 05:59:50.700866,Success,0,1.5,0
DEP000601,P010,S0092,staging,2023-12-15 05:34:49.039799,Success,0,43.4,0
DEP000602,P010,S0092,staging,2023-12-23 22:53:36.935568,Success,0,35.9,0
DEP000603,P010,S0092,staging,2023-12-25 18:30:37.261072,Success,0,18.6,0
DEP000604,P010,S0093,staging,2024-01-08 17:31:04.461124,Success,0,9.4,0
DEP000605,P010,S0093,staging,2024-01-04 08:58:01.242539,Success,0,41.1,0
DEP000606,P010,S0093,staging,2023-12-28 12:50:37.152193,Success,0,25.7,0
DEP000607,P010,S0093,production,2024-01-07 09:58:16.828578,Success,0,23.9,0
DEP000608,P010,S0093,production,2024-01-03 20:21:04.938291,Success,0,9.1,0
DEP000609,P010,S0093,staging,2024-01-06 07:01:01.840737,Success,0,16.3,0
DEP000610,P010,S0094,staging,2024-01-19 12:18:01.086557,Success,0,8.3,0
DEP000611,P010,S0094,staging,2024-01-19 20:57:17.219000,Success,0,59.7,0
DEP000612,P010,S0094,production,2024-01-23 21:28:33.512290,Success,0,9.4,0
DEP000613,P010,S0094,staging,2024-01-19 13:58:48.397323,Success,0,40.6,0
DEP000614,P010,S0095,production,2024-02-04 19:55:26.665987,Success,0,21.5,0
DEP000615,P010,S0095,staging,2024-01-29 22:07:18.845999,Success,0,3.5,0
DEP000616,P010,S0095,staging,2024-02-06 06:54:53.102405,Success,0,10.6,0
DEP000617,P010,S0095,staging,2024-02-04 05:53:35.074820,Success,0,4.4,0
DEP000618,P010,S0095,staging,2024-02-02 21:06:51.269436,Success,0,10.7,0
DEP000619,P010,S0096,staging,2024-02-11 22:15:20.705397,Success,0,3.8,0
DEP000620,P010,S0096,staging,2024-02-17 10:32:39.405736,Success,0,13.8,0
DEP000621,P010,S0096,staging,2024-02-10 21:32:27.142585,Success,0,5.6,0
DEP000622,P010,S0096,staging,2024-02-10 06:38:42.429638,Success,0,2.2,0
DEP000623,P010,S0096,staging,2024-02-14 10:06:08.809648,Success,0,5.3,0
DEP000624,P010,S0096,staging,2024-02-17 03:31:53.311146,Success,0,43.5,0
DEP000625,P010,S0097,staging,2024-02-27 07:11:44.261642,Success,0,10.6,0
DEP000626,P010,S0097,production,2024-02-28 11:09:31.878264,Success,0,6.8,0
DEP000627,P010,S0097,staging,2024-02-25 09:53:52.657828,Success,0,14.5,0
DEP000628,P010,S0097,production,2024-02-27 20:54:44.321112,Success,0,1.7,0
DEP000629,P010,S0097,production,2024-02-26 16:05:09.207392,Success,0,5.2,0
DEP000630,P010,S0097,staging,2024-03-03 22:33:27.125022,Success,0,13.4,0
DEP000631,P010,S0098,staging,2024-03-09 05:22:43.653760,Success,0,2.2,0
DEP000632,P010,S0098,production,2024-03-15 02:37:04.906733,Success,0,9.5,0
DEP000633,P010,S0098,staging,2024-03-08 18:35:15.784321,Success,0,33.7,0
DEP000634,P010,S0098,staging,2024-03-13 13:57:43.308080,Success,0,8.8,0
DEP000635,P010,S0098,staging,2024-03-07 01:35:25.105784,Success,0,6.9,0
DEP000636,P010,S0098,staging,2024-03-17 09:21:44.786717,Success,0,15.3,0
DEP000637,P010,S0098,production,2024-03-15 11:57:37.242675,Success,0,23.9,0
DEP000638,P010,S0098,staging,2024-03-13 07:12:36.364608,Success,0,14.4,0
DEP000639,P010,S0099,production,2024-03-21 19:26:00.752630,Success,0,44.5,0
DEP000640,P010,S0099,staging,2024-03-25 06:51:28.332747,Success,0,13.4,0
DEP000641,P010,S0099,production,2024-03-21 22:03:52.051219,Success,0,4.1,0
DEP000642,P010,S0099,production,2024-03-26 00:54:29.591905,Success,0,18.1,0
DEP000643,P010,S0099,staging,2024-03-23 18:09:12.107804,Success,0,5.1,0
DEP000644,P010,S0099,staging,2024-03-23 01:50:47.017907,Success,0,23.4,0
DEP000645,P010,S0100,staging,2024-04-11 20:00:40.283811,Success,0,8.2,0
DEP000646,P010,S0100,production,2024-04-09 13:54:04.381906,Success,0,25.6,0
DEP000647,P010,S0100,production,2024-04-09 13:36:01.999896,Success,0,11.3,0
DEP000648,P010,S0100,production,2024-04-05 08:28:37.064090,Success,0,9.5,0
DEP000649,P010,S0100,production,2024-04-06 22:23:15.757907,Success,0,23.6,0
DEP000650,P010,S0100,staging,2024-04-11 06:55:05.060727,Success,0,36.8,0
DEP000651,P010,S0100,staging,2024-04-12 11:12:04.205088,Success,0,3.4,0
DEP000652,P010,S0100,staging,2024-04-16 11:33:26.535498,Success,0,31.7,0
DEP000653,P010,S0100,production,2024-04-15 15:26:43.018056,Success,0,22.5,0
DEP000654,P010,S0100,production,2024-04-07 02:49:08.790475,Success,0,6.6,0
DEP000655,P011,S0101,production,2023-11-29 13:09:12.624127,Failed,1,21.0,1
DEP000656,P011,S0101,production,2023-12-06 08:48:56.616305,Success,0,8.6,0
DEP000657,P011,S0101,production,2023-11-25 01:48:17.979777,Success,0,21.2,0
DEP000658,P011,S0101,production,2023-11-27 17:05:39.594782,Success,0,16.9,0
DEP000659,P011,S0101,staging,2023-11-24 14:01:26.209284,Failed,0,8.3,1
DEP000660,P011,S0101,staging,2023-12-05 07:33:58.152221,Success,0,15.6,0
DEP000661,P011,S0101,staging,2023-11-27 14:47:48.096149,Success,0,17.5,0
DEP000662,P011,S0101,staging,2023-12-06 22:09:55.226362,Success,0,18.1,0
DEP000663,P011,S0102,staging,2023-12-10 03:05:23.026050,Success,0,11.5,0
DEP000664,P011,S0102,staging,2023-12-12 11:59:57.393949,Success,0,6.2,0
DEP000665,P011,S0102,staging,2023-12-19 00:22:17.307490,Success,0,19.1,0
DEP000666,P011,S0102,production,2023-12-09 09:54:43.621492,Success,0,2.2,0
DEP000667,P011,S0102,production,2023-12-13 10:56:13.816553,Success,0,20.4,0
DEP000668,P011,S0103,staging,2023-12-26 03:01:36.403763,Failed,1,17.1,1
DEP000669,P011,S0103,production,2023-12-29 18:10:14.402285,Failed,0,18.3,1
DEP000670,P011,S0103,staging,2023-12-22 17:40:49.948370,Success,0,13.1,0
DEP000671,P011,S0103,staging,2023-12-31 19:01:26.969877,Success,0,12.1,0
DEP000672,P011,S0103,staging,2023-12-24 17:39:09.235340,Success,0,40.0,0
DEP000673,P011,S0104,production,2024-01-07 17:01:50.431827,Success,0,6.9,0
DEP000674,P011,S0104,production,2024-01-10 08:45:30.513428,Success,0,40.4,0
DEP000675,P011,S0104,production,2024-01-12 20:29:50.811702,Success,0,12.2,0
DEP000676,P011,S0105,production,2024-01-30 13:51:41.859002,Success,0,7.0,0
DEP000677,P011,S0105,staging,2024-01-21 09:30:45.158451,Success,0,5.5,0
DEP000678,P011,S0106,staging,2024-02-10 02:03:50.888162,Success,0,19.9,0
DEP000679,P011,S0106,production,2024-02-05 02:52:26.489822,Success,0,6.8,0
DEP000680,P011,S0106,staging,2024-02-02 20:14:40.650097,Success,0,19.8,0
DEP000681,P011,S0106,production,2024-02-08 02:01:12.209840,Success,0,3.9,0
DEP000682,P011,S0106,staging,2024-02-09 20:20:31.222054,Success,0,35.3,0
DEP000683,P011,S0107,production,2024-02-26 17:55:55.191655,Success,0,17.0,0
DEP000684,P011,S0107,staging,2024-02-16 20:30:42.471201,Success,0,25.6,0
DEP000685,P011,S0107,production,2024-02-21 19:50:07.852737,Success,0,8.7,0
DEP000686,P011,S0107,production,2024-02-19 11:04:11.160606,Success,0,15.9,0
DEP000687,P011,S0107,staging,2024-02-19 02:57:35.207126,Success,0,4.0,0
DEP000688,P011,S0107,production,2024-02-22 20:41:32.616861,Failed,1,20.4,1
DEP000689,P011,S0107,production,2024-02-24 23:32:34.424751,Success,0,11.5,0
DEP000690,P011,S0107,staging,2024-02-23 05:03:15.997240,Failed,0,23.7,1
DEP000691,P011,S0108,staging,2024-03-12 12:30:37.525450,Success,0,17.1,0
DEP000692,P011,S0108,staging,2024-03-03 06:19:59.351654,Success,0,7.0,0
DEP000693,P011,S0108,production,2024-03-12 01:33:11.389465,Success,0,9.6,0
DEP000694,P011,S0109,staging,2024-03-27 18:44:08.938128,Success,0,4.2,0
DEP000695,P011,S0109,staging,2024-03-25 06:17:05.068818,Success,0,24.1,0
DEP000696,P011,S0109,production,2024-03-19 15:20:28.439390,Success,0,18.2,0
DEP000697,P011,S0109,production,2024-03-27 12:28:00.765311,Success,0,35.8,0
DEP000698,P011,S0110,staging,2024-03-29 09:13:27.535894,Success,0,8.8,0
DEP000699,P011,S0110,staging,2024-04-01 08:57:19.379522,Success,0,7.5,0
DEP000700,P011,S0110,staging,2024-03-31 23:16:34.731262,Success,0,4.2,0
DEP000701,P011,S0110,staging,2024-03-30 13:26:00.807355,Success,0,4.3,0
DEP000702,P012,S0111,production,2023-11-19 23:30:44.829511,Success,0,20.2,0
DEP000703,P012,S0111,staging,2023-11-20 11:11:53.070551,Success,0,32.3,0
DEP000704,P012,S0111,production,2023-11-19 00:07:38.495561,Success,0,3.1,0
DEP000705,P012,S0111,staging,2023-11-24 10:23:19.505051,Failed,1,21.4,1
DEP000706,P012,S0111,staging,2023-11-21 04:49:16.101721,Success,0,3.5,0
DEP000707,P012,S0111,staging,2023-11-22 04:47:05.082931,Success,0,11.5,0
DEP000708,P012,S0111,staging,2023-11-23 21:47:12.033139,Success,0,16.6,0
DEP000709,P012,S0112,production,2023-12-08 21:42:16.183400,Success,0,6.3,0
DEP000710,P012,S0113,production,2023-12-23 18:13:50.415308,Success,0,38.9,0
DEP000711,P012,S0113,staging,2023-12-23 11:10:03.199950,Success,0,5.4,0
DEP000712,P012,S0113,production,2023-12-22 19:10:29.764546,Success,0,4.3,0
DEP000713,P012,S0113,staging,2023-12-24 17:23:48.138996,Success,0,13.9,0
DEP000714,P012,S0113,production,2023-12-24 13:01:43.051735,Success,0,26.5,0
DEP000715,P012,S0113,staging,2023-12-17 10:21:35.239934,Success,0,1.0,0
DEP000716,P012,S0113,staging,2023-12-29 18:05:48.928310,Success,0,21.2,0
DEP000717,P012,S0114,production,2024-01-10 02:26:22.665176,Success,0,9.3,0
DEP000718,P012,S0114,staging,2024-01-08 13:49:50.329425,Success,0,15.3,0
DEP000719,P012,S0114,staging,2024-01-08 23:01:40.195405,Success,0,15.8,0
DEP000720,P012,S0114,staging,2024-01-07 20:22:06.370572,Success,0,18.3,0
DEP000721,P012,S0114,staging,2024-01-03 22:12:11.983022,Success,0,15.8,0
DEP000722,P012,S0114,production,2024-01-10 03:20:26.128910,Success,0,7.2,0
DEP000723,P012,S0114,staging,2024-01-03 23:42:03.128226,Success,0,6.5,0
DEP000724,P012,S0114,production,2024-01-05 06:30:41.256425,Success,0,33.6,0
DEP000725,P012,S0114,staging,2023-12-31 14:52:57.488263,Success,0,9.8,0
DEP000726,P012,S0114,production,2024-01-08 14:58:34.288413,Success,0,2.4,0
DEP000727,P012,S0114,production,2024-01-04 04:46:28.499241,Success,0,6.2,0
DEP000728,P012,S0114,staging,2024-01-04 10:51:15.729584,Success,0,6.0,0
DEP000729,P012,S0114,staging,2024-01-05 17:02:38.905744,Success,0,29.4,0
DEP000730,P012,S0114,staging,2024-01-09 11:27:21.906399,Success,0,10.6,0
DEP000731,P012,S0115,production,2024-01-20 10:07:46.646492,Success,0,15.7,0
DEP000732,P012,S0115,staging,2024-01-15 17:16:26.487369,Success,0,7.1,0
DEP000733,P012,S0115,staging,2024-01-22 02:29:34.917385,Success,0,17.3,0
DEP000734,P012,S0115,staging,2024-01-19 00:08:17.983517,Success,0,4.5,0
DEP000735,P012,S0115,production,2024-01-14 05:02:58.860739,Success,0,17.3,0
DEP000736,P012,S0115,staging,2024-01-19 23:07:59.537109,Success,0,1.6,0
DEP000737,P012,S0115,staging,2024-01-24 07:53:22.658450,Success,0,1.0,0
DEP000738,P012,S0115,production,2024-01-20 20:33:57.069984,Success,0,39.6,0
DEP000739,P012,S0116,staging,2024-02-01 00:40:54.359310,Success,0,3.3,0
DEP000740,P012,S0116,staging,2024-02-07 07:47:10.145278,Success,0,19.3,0
DEP000741,P012,S0116,staging,2024-01-29 01:09:20.914461,Success,0,13.2,0
DEP000742,P012,S0116,staging,2024-02-04 00:26:57.344808,Success,0,19.8,0
DEP000743,P012,S0116,staging,2024-01-30 16:12:36.685714,Success,0,3.7,0
DEP000744,P012,S0116,staging,2024-02-06 17:41:45.807081,Success,0,19.4,0
DEP000745,P012,S0117,staging,2024-02-17 02:07:01.059026,Success,0,7.8,0
DEP000746,P012,S0117,production,2024-02-18 06:34:27.839462,Success,0,12.0,0
DEP000747,P012,S0117,staging,2024-02-12 16:39:46.688481,Success,0,19.4,0
DEP000748,P012,S0117,production,2024-02-20 03:05:55.048446,Success,0,24.6,0
DEP000749,P012,S0117,staging,2024-02-23 06:13:53.530842,Success,0,19.1,0
DEP000750,P012,S0117,production,2024-02-16 19:31:56.200292,Success,0,12.0,0
DEP000751,P012,S0118,staging,2024-02-28 15:54:50.699890,Success,0,13.7,0
DEP000752,P012,S0118,production,2024-03-06 00:51:25.211463,Success,0,47.1,0
DEP000753,P012,S0118,staging,2024-02-26 07:31:58.990684,Success,0,3.1,0
DEP000754,P012,S0118,production,2024-02-28 04:38:35.252772,Success,0,36.2,0
DEP000755,P012,S0118,staging,2024-03-02 15:41:08.846326,Success,0,23.0,0
DEP000756,P012,S0118,staging,2024-03-03 23:11:06.889800,Success,0,6.2,0
DEP000757,P012,S0118,staging,2024-02-28 17:33:35.311882,Success,0,10.7,0
DEP000758,P012,S0118,production,2024-02-28 15:31:04.565855,Success,0,3.0,0
DEP000759,P012,S0118,production,2024-02-25 19:54:08.332012,Success,0,29.1,0
DEP000760,P012,S0118,staging,2024-03-02 01:36:47.071323,Success,0,11.4,0
DEP000761,P012,S0118,staging,2024-02-27 23:56:46.013545,Success,0,6.9,0
DEP000762,P012,S0119,staging,2024-03-21 18:30:53.799913,Success,0,43.7,0
DEP000763,P012,S0119,staging,2024-03-19 03:24:30.212184,Failed,0,9.9,1
DEP000764,P012,S0120,production,2024-03-25 17:09:27.840182,Success,0,61.4,0
DEP000765,P012,S0120,staging,2024-03-31 13:37:18.059752,Success,0,2.7,0
DEP000766,P012,S0120,staging,2024-03-31 12:31:32.442495,Success,0,28.2,0
DEP000767,P012,S0120,production,2024-03-26 17:40:33.230072,Success,0,10.9,0
DEP000768,P012,S0120,production,2024-03-30 01:11:00.045650,Success,0,28.6,0
DEP000769,P012,S0120,staging,2024-04-02 01:24:39.711183,Success,0,14.6,0
